{"0": {"Time": 0.7687726020812988, "Qubits": 2, "Depth": 2, "Records": 50}, "1": {"Time": 1.2536230087280273, "Qubits": 2, "Depth": 3, "Records": 50}, "2": {"Time": 1.2338459491729736, "Qubits": 2, "Depth": 4, "Records": 50}, "3": {"Time": 1.4772772789001465, "Qubits": 4, "Depth": 2, "Records": 50}, "4": {"Time": 10.87593150138855, "Qubits": 4, "Depth": 3, "Records": 50}, "5": {"Time": 5.781282186508179, "Qubits": 4, "Depth": 4, "Records": 50}, "6": {"Time": 1.5104758739471436, "Qubits": 6, "Depth": 2, "Records": 50}, "7": {"Time": 7.294113397598267, "Qubits": 6, "Depth": 3, "Records": 50}, "8": {"Time": 9.444105625152588, "Qubits": 6, "Depth": 4, "Records": 50}, "9": {"Time": 5.296434164047241, "Qubits": 8, "Depth": 2, "Records": 50}, "10": {"Time": 40.269967555999756, "Qubits": 8, "Depth": 3, "Records": 50}, "11": {"Time": 117.73585438728333, "Qubits": 8, "Depth": 4, "Records": 50}, "12": {"Time": 1.095273733139038, "Qubits": 2, "Depth": 2, "Records": 50}, "13": {"Time": 0.9972488880157471, "Qubits": 2, "Depth": 3, "Records": 50}, "14": {"Time": 1.369093418121338, "Qubits": 2, "Depth": 4, "Records": 50}, "15": {"Time": 1.1405491828918457, "Qubits": 4, "Depth": 2, "Records": 50}, "16": {"Time": 18.71283531188965, "Qubits": 4, "Depth": 3, "Records": 50}, "17": {"Time": 14.839091777801514, "Qubits": 4, "Depth": 4, "Records": 50}, "18": {"Time": 1.2380402088165283, "Qubits": 6, "Depth": 2, "Records": 50}, "19": {"Time": 53.33694553375244, "Qubits": 6, "Depth": 3, "Records": 50}, "20": {"Time": 51.99011301994324, "Qubits": 6, "Depth": 4, "Records": 50}, "21": {"Time": 2.1021690368652344, "Qubits": 8, "Depth": 2, "Records": 50}, "22": {"Time": 48.63976836204529, "Qubits": 8, "Depth": 3, "Records": 50}, "23": {"Time": 130.70026874542236, "Qubits": 8, "Depth": 4, "Records": 50}, "24": {"Time": 1.8704183101654053, "Qubits": 2, "Depth": 2, "Records": 50}, "25": {"Time": 1.00205659866333, "Qubits": 2, "Depth": 3, "Records": 50}, "26": {"Time": 1.3459579944610596, "Qubits": 2, "Depth": 4, "Records": 50}, "27": {"Time": 1.7247111797332764, "Qubits": 4, "Depth": 2, "Records": 50}, "28": {"Time": 6.285106182098389, "Qubits": 4, "Depth": 3, "Records": 50}, "29": {"Time": 8.882217168807983, "Qubits": 4, "Depth": 4, "Records": 50}, "30": {"Time": 1.4734199047088623, "Qubits": 6, "Depth": 2, "Records": 50}, "31": {"Time": 13.417203903198242, "Qubits": 6, "Depth": 3, "Records": 50}, "32": {"Time": 26.492252349853516, "Qubits": 6, "Depth": 4, "Records": 50}, "33": {"Time": 2.8073604106903076, "Qubits": 8, "Depth": 2, "Records": 50}, "34": {"Time": 51.91982960700989, "Qubits": 8, "Depth": 3, "Records": 50}, "35": {"Time": 96.7922534942627, "Qubits": 8, "Depth": 4, "Records": 50}, "36": {"Time": 0.6778335571289062, "Qubits": 2, "Depth": 2, "Records": 50}, "37": {"Time": 2.130068778991699, "Qubits": 2, "Depth": 3, "Records": 50}, "38": {"Time": 1.3770341873168945, "Qubits": 2, "Depth": 4, "Records": 50}, "39": {"Time": 0.7732982635498047, "Qubits": 4, "Depth": 2, "Records": 50}, "40": {"Time": 7.706418752670288, "Qubits": 4, "Depth": 3, "Records": 50}, "41": {"Time": 3.845630407333374, "Qubits": 4, "Depth": 4, "Records": 50}, "42": {"Time": 1.9263148307800293, "Qubits": 6, "Depth": 2, "Records": 50}, "43": {"Time": 12.706606388092041, "Qubits": 6, "Depth": 3, "Records": 50}, "44": {"Time": 12.16273045539856, "Qubits": 6, "Depth": 4, "Records": 50}, "45": {"Time": 2.2913286685943604, "Qubits": 8, "Depth": 2, "Records": 50}, "46": {"Time": 47.181729316711426, "Qubits": 8, "Depth": 3, "Records": 50}, "47": {"Time": 66.11143708229065, "Qubits": 8, "Depth": 4, "Records": 50}, "48": {"Time": 0.8496532440185547, "Qubits": 2, "Depth": 2, "Records": 50}, "49": {"Time": 1.179600477218628, "Qubits": 2, "Depth": 3, "Records": 50}, "50": {"Time": 1.790557622909546, "Qubits": 2, "Depth": 4, "Records": 50}, "51": {"Time": 1.1122992038726807, "Qubits": 4, "Depth": 2, "Records": 50}, "52": {"Time": 3.4587912559509277, "Qubits": 4, "Depth": 3, "Records": 50}, "53": {"Time": 4.684919357299805, "Qubits": 4, "Depth": 4, "Records": 50}, "54": {"Time": 2.277195453643799, "Qubits": 6, "Depth": 2, "Records": 50}, "55": {"Time": 35.02296829223633, "Qubits": 6, "Depth": 3, "Records": 50}, "56": {"Time": 16.155468463897705, "Qubits": 6, "Depth": 4, "Records": 50}, "57": {"Time": 3.34424090385437, "Qubits": 8, "Depth": 2, "Records": 50}, "58": {"Time": 63.72149658203125, "Qubits": 8, "Depth": 3, "Records": 50}, "59": {"Time": 112.39137864112854, "Qubits": 8, "Depth": 4, "Records": 50}}